"","metric","Index","Hydro_endpoint","SmoothingFunc","Quantile","ChosenSmth","ModelstoUse","Threshold","BioThresh","Lower","Upper","MetricCurve","CurveStatus","Lower2","Upper2","MetricCurve2"
"1","csci_Peak_10","csci","Peak_10",3,0.9,3,"Yes","NATLow",0.63,NA,NA,"csci_Peak_10_3_0.9","Above",-44933.6480255651,7536.16597302694,"csci_Peak_10_3_0.9_NATLow"
"2","csci_Peak_10","csci","Peak_10",3,0.9,3,"Yes","HB",0.67,NA,NA,"csci_Peak_10_3_0.9","Above",-44933.6480255651,7536.16597302694,"csci_Peak_10_3_0.9_HB"
"3","csci_Peak_2","csci","Peak_2",3,0.9,3,"Yes","NATLow",0.63,NA,NA,"csci_Peak_2_3_0.9","Above",-44933.6480255651,7536.16597302694,"csci_Peak_2_3_0.9_NATLow"
"4","csci_Peak_2","csci","Peak_2",3,0.9,3,"Yes","HB",0.67,NA,NA,"csci_Peak_2_3_0.9","Above",-44933.6480255651,7536.16597302694,"csci_Peak_2_3_0.9_HB"
"5","csci_Peak_5","csci","Peak_5",3,0.9,3,"Yes","NATLow",0.63,NA,NA,"csci_Peak_5_3_0.9","Above",-44933.6480255651,7536.16597302694,"csci_Peak_5_3_0.9_NATLow"
"6","csci_Peak_5","csci","Peak_5",3,0.9,3,"Yes","HB",0.67,NA,NA,"csci_Peak_5_3_0.9","Above",-44933.6480255651,7536.16597302694,"csci_Peak_5_3_0.9_HB"
"7","csci_Wet_BFL_Mag_10","csci","Wet_BFL_Mag_10",3,0.9,3,"Yes","NATLow",0.63,NA,NA,"csci_Wet_BFL_Mag_10_3_0.9","Above",-44933.6480255651,7536.16597302694,"csci_Wet_BFL_Mag_10_3_0.9_NATLow"
"8","csci_Wet_BFL_Mag_10","csci","Wet_BFL_Mag_10",3,0.9,3,"Yes","HB",0.67,NA,NA,"csci_Wet_BFL_Mag_10_3_0.9","Above",-44933.6480255651,7536.16597302694,"csci_Wet_BFL_Mag_10_3_0.9_HB"
"9","csci_Wet_BFL_Mag_10","csci","Wet_BFL_Mag_10",3,0.9,3,"Yes","SB0",0.78,NA,NA,"csci_Wet_BFL_Mag_10_3_0.9","Above",-44933.6480255651,7536.16597302694,"csci_Wet_BFL_Mag_10_3_0.9_SB0"
"10","csci_Wet_BFL_Mag_10","csci","Wet_BFL_Mag_10",3,0.9,3,"Yes","SB2",0.75,NA,NA,"csci_Wet_BFL_Mag_10_3_0.9","Above",-44933.6480255651,7536.16597302694,"csci_Wet_BFL_Mag_10_3_0.9_SB2"
"11","csci_Peak_10","csci","Peak_10",3,0.5,3,"Yes","NATHigh",0.92,NA,NA,"csci_Peak_10_3_0.5","Below",0,0,"csci_Peak_10_3_0.5_NATHigh"
"12","csci_Peak_2","csci","Peak_2",3,0.5,3,"Yes","NATHigh",0.92,NA,NA,"csci_Peak_2_3_0.5","Below",0,0,"csci_Peak_2_3_0.5_NATHigh"
"13","csci_Peak_5","csci","Peak_5",3,0.5,3,"Yes","NATHigh",0.92,NA,NA,"csci_Peak_5_3_0.5","Below",0,0,"csci_Peak_5_3_0.5_NATHigh"
"14","csci_SP_Mag","csci","SP_Mag",3,0.5,3,"Yes","NATLow",0.63,NA,NA,"csci_SP_Mag_3_0.5","Below",0,0,"csci_SP_Mag_3_0.5_NATLow"
"15","csci_SP_Mag","csci","SP_Mag",3,0.5,3,"Yes","NATHigh",0.92,NA,NA,"csci_SP_Mag_3_0.5","Below",0,0,"csci_SP_Mag_3_0.5_NATHigh"
"16","csci_Wet_BFL_Mag_10","csci","Wet_BFL_Mag_10",3,0.5,3,"Yes","NATHigh",0.92,NA,NA,"csci_Wet_BFL_Mag_10_3_0.5","Below",0,0,"csci_Wet_BFL_Mag_10_3_0.5_NATHigh"
"17","csci_Wet_BFL_Mag_50","csci","Wet_BFL_Mag_50",3,0.5,3,"Yes","NATHigh",0.92,NA,NA,"csci_Wet_BFL_Mag_50_3_0.5","Below",0,0,"csci_Wet_BFL_Mag_50_3_0.5_NATHigh"
"18","csci_Q99","csci","Q99",3,0.5,3,"Yes","NATHigh",0.92,NA,NA,"csci_Q99_3_0.5","Below",0,0,"csci_Q99_3_0.5_NATHigh"
"19","asci_DS_Mag_50","asci","DS_Mag_50",6,0.9,6,"Yes","NATLow",0.75,NA,NA,"asci_DS_Mag_50_6_0.9","Above",-44933.6480255651,7536.16597302694,"asci_DS_Mag_50_6_0.9_NATLow"
"20","asci_DS_Mag_50","asci","DS_Mag_50",6,0.9,6,"Yes","SB2",0.76,NA,NA,"asci_DS_Mag_50_6_0.9","Above",-44933.6480255651,7536.16597302694,"asci_DS_Mag_50_6_0.9_SB2"
"21","asci_FA_Mag","asci","FA_Mag",6,0.9,6,"Yes","NATLow",0.75,NA,NA,"asci_FA_Mag_6_0.9","Above",-44933.6480255651,7536.16597302694,"asci_FA_Mag_6_0.9_NATLow"
"22","asci_SP_Mag","asci","SP_Mag",6,0.9,6,"Yes","NATLow",0.75,NA,NA,"asci_SP_Mag_6_0.9","Above",-44933.6480255651,7536.16597302694,"asci_SP_Mag_6_0.9_NATLow"
"23","asci_SP_Mag","asci","SP_Mag",6,0.9,6,"Yes","SB0",0.79,NA,NA,"asci_SP_Mag_6_0.9","Above",-44933.6480255651,7536.16597302694,"asci_SP_Mag_6_0.9_SB0"
"24","asci_SP_Mag","asci","SP_Mag",6,0.9,6,"Yes","SB2",0.76,NA,NA,"asci_SP_Mag_6_0.9","Above",-44933.6480255651,7536.16597302694,"asci_SP_Mag_6_0.9_SB2"
"25","csci_DS_Mag_50","csci","DS_Mag_50",6,0.5,6,"Yes","NATHigh",0.92,NA,NA,"csci_DS_Mag_50_6_0.5","Below",0,0,"csci_DS_Mag_50_6_0.5_NATHigh"
"26","csci_FA_Mag","csci","FA_Mag",6,0.5,6,"Yes","NATHigh",0.92,NA,NA,"csci_FA_Mag_6_0.5","Below",0,0,"csci_FA_Mag_6_0.5_NATHigh"
"27","asci_Peak_10","asci","Peak_10",3,0.9,3,"Yes","NAT",0.86,-3639.36261369614,NA,"asci_Peak_10_3_0.9","Passes",-3639.36261369614,7536.16597302694,"asci_Peak_10_3_0.9_NAT"
"28","asci_Peak_10","asci","Peak_10",3,0.9,3,"Yes","NATMed",0.86,-3639.36261369614,NA,"asci_Peak_10_3_0.9","Passes",-3639.36261369614,7536.16597302694,"asci_Peak_10_3_0.9_NATMed"
"29","asci_Peak_10","asci","Peak_10",3,0.9,3,"Yes","NATLow",0.75,-6890.11379332425,NA,"asci_Peak_10_3_0.9","Passes",-6890.11379332425,7536.16597302694,"asci_Peak_10_3_0.9_NATLow"
"30","asci_Peak_10","asci","Peak_10",3,0.9,3,"Yes","NATHigh",0.94,-1873.32258022247,NA,"asci_Peak_10_3_0.9","Passes",-1873.32258022247,7536.16597302694,"asci_Peak_10_3_0.9_NATHigh"
"31","asci_Peak_10","asci","Peak_10",3,0.9,3,"Yes","HB",0.87,-3403.46189354933,NA,"asci_Peak_10_3_0.9","Passes",-3403.46189354933,7536.16597302694,"asci_Peak_10_3_0.9_HB"
"32","asci_Peak_10","asci","Peak_10",3,0.9,3,"Yes","SB0",0.79,-5511.65111205916,NA,"asci_Peak_10_3_0.9","Passes",-5511.65111205916,7536.16597302694,"asci_Peak_10_3_0.9_SB0"
"33","asci_Peak_10","asci","Peak_10",3,0.9,3,"Yes","SB2",0.76,-6510.95603442035,NA,"asci_Peak_10_3_0.9","Passes",-6510.95603442035,7536.16597302694,"asci_Peak_10_3_0.9_SB2"
"34","csci_Peak_10","csci","Peak_10",3,0.9,3,"Yes","NAT",0.79,-17211.2098713924,-7465.26155798918,"csci_Peak_10_3_0.9","Passes",-7465.26155798918,7536.16597302694,"csci_Peak_10_3_0.9_NAT"
"35","csci_Peak_10","csci","Peak_10",3,0.9,3,"Yes","NATMed",0.79,-17211.2098713924,-7465.26155798918,"csci_Peak_10_3_0.9","Passes",-7465.26155798918,7536.16597302694,"csci_Peak_10_3_0.9_NATMed"
"36","csci_Peak_10","csci","Peak_10",3,0.9,3,"Yes","NATHigh",0.92,-3808.44251992362,NA,"csci_Peak_10_3_0.9","Passes",-3808.44251992362,7536.16597302694,"csci_Peak_10_3_0.9_NATHigh"
"37","csci_Peak_10","csci","Peak_10",3,0.9,3,"Yes","SB0",0.78,-16520.655177643,-7908.96431617179,"csci_Peak_10_3_0.9","Passes",-7908.96431617179,7536.16597302694,"csci_Peak_10_3_0.9_SB0"
"38","csci_Peak_10","csci","Peak_10",3,0.9,3,"Yes","SB2",0.75,-13876.7789060485,-9870.56426280751,"csci_Peak_10_3_0.9","Passes",-9870.56426280751,7536.16597302694,"csci_Peak_10_3_0.9_SB2"
"39","asci_Peak_2","asci","Peak_2",3,0.9,3,"Yes","NAT",0.86,-1365.04373242624,NA,"asci_Peak_2_3_0.9","Passes",-1365.04373242624,7536.16597302694,"asci_Peak_2_3_0.9_NAT"
"40","asci_Peak_2","asci","Peak_2",3,0.9,3,"Yes","NATMed",0.86,-1365.04373242624,NA,"asci_Peak_2_3_0.9","Passes",-1365.04373242624,7536.16597302694,"asci_Peak_2_3_0.9_NATMed"
"41","asci_Peak_2","asci","Peak_2",3,0.9,3,"Yes","NATLow",0.75,-2189.54685400319,NA,"asci_Peak_2_3_0.9","Passes",-2189.54685400319,7536.16597302694,"asci_Peak_2_3_0.9_NATLow"
"42","asci_Peak_2","asci","Peak_2",3,0.9,3,"Yes","NATHigh",0.94,-864.31232161894,NA,"asci_Peak_2_3_0.9","Passes",-864.31232161894,7536.16597302694,"asci_Peak_2_3_0.9_NATHigh"
"43","asci_Peak_2","asci","Peak_2",3,0.9,3,"Yes","HB",0.87,-1299.37332824727,NA,"asci_Peak_2_3_0.9","Passes",-1299.37332824727,7536.16597302694,"asci_Peak_2_3_0.9_HB"
"44","asci_Peak_2","asci","Peak_2",3,0.9,3,"Yes","SB0",0.79,-1862.69853089394,NA,"asci_Peak_2_3_0.9","Passes",-1862.69853089394,7536.16597302694,"asci_Peak_2_3_0.9_SB0"
"45","asci_Peak_2","asci","Peak_2",3,0.9,3,"Yes","SB2",0.76,-2103.94485772024,NA,"asci_Peak_2_3_0.9","Passes",-2103.94485772024,7536.16597302694,"asci_Peak_2_3_0.9_SB2"
"46","csci_Peak_2","csci","Peak_2",3,0.9,3,"Yes","NAT",0.79,-5924.15754809486,-2704.69373773888,"csci_Peak_2_3_0.9","Passes",-2704.69373773888,7536.16597302694,"csci_Peak_2_3_0.9_NAT"
"47","csci_Peak_2","csci","Peak_2",3,0.9,3,"Yes","NATMed",0.79,-5924.15754809486,-2704.69373773888,"csci_Peak_2_3_0.9","Passes",-2704.69373773888,7536.16597302694,"csci_Peak_2_3_0.9_NATMed"
"48","csci_Peak_2","csci","Peak_2",3,0.9,3,"Yes","NATHigh",0.92,-7540.79079790875,-1461.82277670482,"csci_Peak_2_3_0.9","Passes",-1461.82277670482,7536.16597302694,"csci_Peak_2_3_0.9_NATHigh"
"49","csci_Peak_2","csci","Peak_2",3,0.9,3,"Yes","SB0",0.78,-5760.98828105976,-2847.45363797219,"csci_Peak_2_3_0.9","Passes",-2847.45363797219,7536.16597302694,"csci_Peak_2_3_0.9_SB0"
"50","csci_Peak_2","csci","Peak_2",3,0.9,3,"Yes","SB2",0.75,-5141.22124953979,-3417.42360478908,"csci_Peak_2_3_0.9","Passes",-3417.42360478908,7536.16597302694,"csci_Peak_2_3_0.9_SB2"
"51","asci_Peak_5","asci","Peak_5",3,0.9,3,"Yes","NAT",0.86,-3260.64916394653,NA,"asci_Peak_5_3_0.9","Passes",-3260.64916394653,7536.16597302694,"asci_Peak_5_3_0.9_NAT"
"52","asci_Peak_5","asci","Peak_5",3,0.9,3,"Yes","NATMed",0.86,-3260.64916394653,NA,"asci_Peak_5_3_0.9","Passes",-3260.64916394653,7536.16597302694,"asci_Peak_5_3_0.9_NATMed"
"53","asci_Peak_5","asci","Peak_5",3,0.9,3,"Yes","NATLow",0.75,-5823.03737386285,NA,"asci_Peak_5_3_0.9","Passes",-5823.03737386285,7536.16597302694,"asci_Peak_5_3_0.9_NATLow"
"54","asci_Peak_5","asci","Peak_5",3,0.9,3,"Yes","NATHigh",0.94,-1754.7507615311,NA,"asci_Peak_5_3_0.9","Passes",-1754.7507615311,7536.16597302694,"asci_Peak_5_3_0.9_NATHigh"
"55","asci_Peak_5","asci","Peak_5",3,0.9,3,"Yes","HB",0.87,-3061.22221181959,NA,"asci_Peak_5_3_0.9","Passes",-3061.22221181959,7536.16597302694,"asci_Peak_5_3_0.9_HB"
"56","asci_Peak_5","asci","Peak_5",3,0.9,3,"Yes","SB0",0.79,-4792.14235160298,NA,"asci_Peak_5_3_0.9","Passes",-4792.14235160298,7536.16597302694,"asci_Peak_5_3_0.9_SB0"
"57","asci_Peak_5","asci","Peak_5",3,0.9,3,"Yes","SB2",0.76,-5550.6473729542,NA,"asci_Peak_5_3_0.9","Passes",-5550.6473729542,7536.16597302694,"asci_Peak_5_3_0.9_SB2"
"58","csci_Peak_5","csci","Peak_5",3,0.9,3,"Yes","NAT",0.79,-13206.7306850526,-5929.55804936704,"csci_Peak_5_3_0.9","Passes",-5929.55804936704,7536.16597302694,"csci_Peak_5_3_0.9_NAT"
"59","csci_Peak_5","csci","Peak_5",3,0.9,3,"Yes","NATMed",0.79,-13206.7306850526,-5929.55804936704,"csci_Peak_5_3_0.9","Passes",-5929.55804936704,7536.16597302694,"csci_Peak_5_3_0.9_NATMed"
"60","csci_Peak_5","csci","Peak_5",3,0.9,3,"Yes","NATHigh",0.92,-16780.7769759338,-3114.60880303002,"csci_Peak_5_3_0.9","Passes",-3114.60880303002,7536.16597302694,"csci_Peak_5_3_0.9_NATHigh"
"61","csci_Peak_5","csci","Peak_5",3,0.9,3,"Yes","SB0",0.78,-12843.2624974455,-6243.37473350509,"csci_Peak_5_3_0.9","Passes",-6243.37473350509,7536.16597302694,"csci_Peak_5_3_0.9_SB0"
"62","csci_Peak_5","csci","Peak_5",3,0.9,3,"Yes","SB2",0.75,-11480.4950292974,-7464.87356826153,"csci_Peak_5_3_0.9","Passes",-7464.87356826153,7536.16597302694,"csci_Peak_5_3_0.9_SB2"
"63","csci_SP_Mag","csci","SP_Mag",3,0.9,3,"Yes","NAT",0.79,NA,NA,"csci_SP_Mag_3_0.9","Above",-44933.6480255651,7536.16597302694,"csci_SP_Mag_3_0.9_NAT"
"64","csci_SP_Mag","csci","SP_Mag",3,0.9,3,"Yes","NATMed",0.79,NA,NA,"csci_SP_Mag_3_0.9","Above",-44933.6480255651,7536.16597302694,"csci_SP_Mag_3_0.9_NATMed"
"65","csci_SP_Mag","csci","SP_Mag",3,0.9,3,"Yes","NATLow",0.63,NA,NA,"csci_SP_Mag_3_0.9","Above",-44933.6480255651,7536.16597302694,"csci_SP_Mag_3_0.9_NATLow"
"66","csci_SP_Mag","csci","SP_Mag",3,0.9,3,"Yes","NATHigh",0.92,NA,NA,"csci_SP_Mag_3_0.9","Above",-44933.6480255651,7536.16597302694,"csci_SP_Mag_3_0.9_NATHigh"
"67","csci_SP_Mag","csci","SP_Mag",3,0.9,3,"Yes","HB",0.67,NA,NA,"csci_SP_Mag_3_0.9","Above",-44933.6480255651,7536.16597302694,"csci_SP_Mag_3_0.9_HB"
"68","csci_SP_Mag","csci","SP_Mag",3,0.9,3,"Yes","SB0",0.78,NA,NA,"csci_SP_Mag_3_0.9","Above",-44933.6480255651,7536.16597302694,"csci_SP_Mag_3_0.9_SB0"
"69","csci_SP_Mag","csci","SP_Mag",3,0.9,3,"Yes","SB2",0.75,NA,NA,"csci_SP_Mag_3_0.9","Above",-44933.6480255651,7536.16597302694,"csci_SP_Mag_3_0.9_SB2"
"70","asci_Wet_BFL_Mag_10","asci","Wet_BFL_Mag_10",3,0.9,3,"Yes","NAT",0.86,-50.2676625902309,NA,"asci_Wet_BFL_Mag_10_3_0.9","Passes",-50.2676625902309,7536.16597302694,"asci_Wet_BFL_Mag_10_3_0.9_NAT"
"71","asci_Wet_BFL_Mag_10","asci","Wet_BFL_Mag_10",3,0.9,3,"Yes","NATMed",0.86,-50.2676625902309,NA,"asci_Wet_BFL_Mag_10_3_0.9","Passes",-50.2676625902309,7536.16597302694,"asci_Wet_BFL_Mag_10_3_0.9_NATMed"
"72","asci_Wet_BFL_Mag_10","asci","Wet_BFL_Mag_10",3,0.9,3,"Yes","NATLow",0.75,-69.6564954195796,NA,"asci_Wet_BFL_Mag_10_3_0.9","Passes",-69.6564954195796,7536.16597302694,"asci_Wet_BFL_Mag_10_3_0.9_NATLow"
"73","asci_Wet_BFL_Mag_10","asci","Wet_BFL_Mag_10",3,0.9,3,"Yes","NATHigh",0.94,-34.1254877952765,NA,"asci_Wet_BFL_Mag_10_3_0.9","Passes",-34.1254877952765,7536.16597302694,"asci_Wet_BFL_Mag_10_3_0.9_NATHigh"
"74","asci_Wet_BFL_Mag_10","asci","Wet_BFL_Mag_10",3,0.9,3,"Yes","HB",0.87,-48.3822306691773,NA,"asci_Wet_BFL_Mag_10_3_0.9","Passes",-48.3822306691773,7536.16597302694,"asci_Wet_BFL_Mag_10_3_0.9_HB"
"75","asci_Wet_BFL_Mag_10","asci","Wet_BFL_Mag_10",3,0.9,3,"Yes","SB0",0.79,-62.825452073518,NA,"asci_Wet_BFL_Mag_10_3_0.9","Passes",-62.825452073518,7536.16597302694,"asci_Wet_BFL_Mag_10_3_0.9_SB0"
"76","asci_Wet_BFL_Mag_10","asci","Wet_BFL_Mag_10",3,0.9,3,"Yes","SB2",0.76,-67.9650827276072,NA,"asci_Wet_BFL_Mag_10_3_0.9","Passes",-67.9650827276072,7536.16597302694,"asci_Wet_BFL_Mag_10_3_0.9_SB2"
"77","csci_Wet_BFL_Mag_10","csci","Wet_BFL_Mag_10",3,0.9,3,"Yes","NAT",0.79,-87.5317422407151,NA,"csci_Wet_BFL_Mag_10_3_0.9","Passes",-87.5317422407151,7536.16597302694,"csci_Wet_BFL_Mag_10_3_0.9_NAT"
"78","csci_Wet_BFL_Mag_10","csci","Wet_BFL_Mag_10",3,0.9,3,"Yes","NATMed",0.79,-87.5317422407151,NA,"csci_Wet_BFL_Mag_10_3_0.9","Passes",-87.5317422407151,7536.16597302694,"csci_Wet_BFL_Mag_10_3_0.9_NATMed"
"79","csci_Wet_BFL_Mag_10","csci","Wet_BFL_Mag_10",3,0.9,3,"Yes","NATHigh",0.92,-65.3195616627646,69.2159498765459,"csci_Wet_BFL_Mag_10_3_0.9","Passes",-65.3195616627646,69.2159498765459,"csci_Wet_BFL_Mag_10_3_0.9_NATHigh"
"80","asci_Wet_BFL_Mag_50","asci","Wet_BFL_Mag_50",3,0.9,3,"Yes","NAT",0.86,-175.118199733957,NA,"asci_Wet_BFL_Mag_50_3_0.9","Passes",-175.118199733957,7536.16597302694,"asci_Wet_BFL_Mag_50_3_0.9_NAT"
"81","asci_Wet_BFL_Mag_50","asci","Wet_BFL_Mag_50",3,0.9,3,"Yes","NATMed",0.86,-175.118199733957,NA,"asci_Wet_BFL_Mag_50_3_0.9","Passes",-175.118199733957,7536.16597302694,"asci_Wet_BFL_Mag_50_3_0.9_NATMed"
"82","asci_Wet_BFL_Mag_50","asci","Wet_BFL_Mag_50",3,0.9,3,"Yes","NATLow",0.75,-276.523179084478,NA,"asci_Wet_BFL_Mag_50_3_0.9","Passes",-276.523179084478,7536.16597302694,"asci_Wet_BFL_Mag_50_3_0.9_NATLow"
"83","asci_Wet_BFL_Mag_50","asci","Wet_BFL_Mag_50",3,0.9,3,"Yes","NATHigh",0.94,-101.368615411512,NA,"asci_Wet_BFL_Mag_50_3_0.9","Passes",-101.368615411512,7536.16597302694,"asci_Wet_BFL_Mag_50_3_0.9_NATHigh"
"84","asci_Wet_BFL_Mag_50","asci","Wet_BFL_Mag_50",3,0.9,3,"Yes","HB",0.87,-165.899529969486,NA,"asci_Wet_BFL_Mag_50_3_0.9","Passes",-165.899529969486,7536.16597302694,"asci_Wet_BFL_Mag_50_3_0.9_HB"
"85","asci_Wet_BFL_Mag_50","asci","Wet_BFL_Mag_50",3,0.9,3,"Yes","SB0",0.79,-239.648710491336,NA,"asci_Wet_BFL_Mag_50_3_0.9","Passes",-239.648710491336,7536.16597302694,"asci_Wet_BFL_Mag_50_3_0.9_SB0"
"86","asci_Wet_BFL_Mag_50","asci","Wet_BFL_Mag_50",3,0.9,3,"Yes","SB2",0.76,-267.304567630732,NA,"asci_Wet_BFL_Mag_50_3_0.9","Passes",-267.304567630732,7536.16597302694,"asci_Wet_BFL_Mag_50_3_0.9_SB2"
"87","csci_Wet_BFL_Mag_50","csci","Wet_BFL_Mag_50",3,0.9,3,"Yes","NAT",0.79,NA,NA,"csci_Wet_BFL_Mag_50_3_0.9","Above",-44933.6480255651,7536.16597302694,"csci_Wet_BFL_Mag_50_3_0.9_NAT"
"88","csci_Wet_BFL_Mag_50","csci","Wet_BFL_Mag_50",3,0.9,3,"Yes","NATMed",0.79,NA,NA,"csci_Wet_BFL_Mag_50_3_0.9","Above",-44933.6480255651,7536.16597302694,"csci_Wet_BFL_Mag_50_3_0.9_NATMed"
"89","csci_Wet_BFL_Mag_50","csci","Wet_BFL_Mag_50",3,0.9,3,"Yes","NATLow",0.63,NA,NA,"csci_Wet_BFL_Mag_50_3_0.9","Above",-44933.6480255651,7536.16597302694,"csci_Wet_BFL_Mag_50_3_0.9_NATLow"
"90","csci_Wet_BFL_Mag_50","csci","Wet_BFL_Mag_50",3,0.9,3,"Yes","NATHigh",0.92,NA,NA,"csci_Wet_BFL_Mag_50_3_0.9","Above",-44933.6480255651,7536.16597302694,"csci_Wet_BFL_Mag_50_3_0.9_NATHigh"
"91","csci_Wet_BFL_Mag_50","csci","Wet_BFL_Mag_50",3,0.9,3,"Yes","HB",0.67,NA,NA,"csci_Wet_BFL_Mag_50_3_0.9","Above",-44933.6480255651,7536.16597302694,"csci_Wet_BFL_Mag_50_3_0.9_HB"
"92","csci_Wet_BFL_Mag_50","csci","Wet_BFL_Mag_50",3,0.9,3,"Yes","SB0",0.78,NA,NA,"csci_Wet_BFL_Mag_50_3_0.9","Above",-44933.6480255651,7536.16597302694,"csci_Wet_BFL_Mag_50_3_0.9_SB0"
"93","csci_Wet_BFL_Mag_50","csci","Wet_BFL_Mag_50",3,0.9,3,"Yes","SB2",0.75,NA,NA,"csci_Wet_BFL_Mag_50_3_0.9","Above",-44933.6480255651,7536.16597302694,"csci_Wet_BFL_Mag_50_3_0.9_SB2"
"94","asci_Q99","asci","Q99",3,0.9,3,"Yes","NAT",0.86,-3203.48460085099,NA,"asci_Q99_3_0.9","Passes",-3203.48460085099,7536.16597302694,"asci_Q99_3_0.9_NAT"
"95","asci_Q99","asci","Q99",3,0.9,3,"Yes","NATMed",0.86,-3203.48460085099,NA,"asci_Q99_3_0.9","Passes",-3203.48460085099,7536.16597302694,"asci_Q99_3_0.9_NATMed"
"96","asci_Q99","asci","Q99",3,0.9,3,"Yes","NATLow",0.75,-5115.25926601374,NA,"asci_Q99_3_0.9","Passes",-5115.25926601374,7536.16597302694,"asci_Q99_3_0.9_NATLow"
"97","asci_Q99","asci","Q99",3,0.9,3,"Yes","NATHigh",0.94,-1875.48956816895,NA,"asci_Q99_3_0.9","Passes",-1875.48956816895,7536.16597302694,"asci_Q99_3_0.9_NATHigh"
"98","asci_Q99","asci","Q99",3,0.9,3,"Yes","HB",0.87,-3035.11954683229,NA,"asci_Q99_3_0.9","Passes",-3035.11954683229,7536.16597302694,"asci_Q99_3_0.9_HB"
"99","asci_Q99","asci","Q99",3,0.9,3,"Yes","SB0",0.79,-4406.03933897331,NA,"asci_Q99_3_0.9","Passes",-4406.03933897331,7536.16597302694,"asci_Q99_3_0.9_SB0"
"100","asci_Q99","asci","Q99",3,0.9,3,"Yes","SB2",0.76,-4936.26086607904,NA,"asci_Q99_3_0.9","Passes",-4936.26086607904,7536.16597302694,"asci_Q99_3_0.9_SB2"
"101","csci_Q99","csci","Q99",3,0.9,3,"Yes","NAT",0.79,-12920.642275522,NA,"csci_Q99_3_0.9","Passes",-12920.642275522,7536.16597302694,"csci_Q99_3_0.9_NAT"
"102","csci_Q99","csci","Q99",3,0.9,3,"Yes","NATMed",0.79,-12920.642275522,NA,"csci_Q99_3_0.9","Passes",-12920.642275522,7536.16597302694,"csci_Q99_3_0.9_NATMed"
"103","csci_Q99","csci","Q99",3,0.9,3,"Yes","NATLow",0.63,-23308.5135799822,NA,"csci_Q99_3_0.9","Passes",-23308.5135799822,7536.16597302694,"csci_Q99_3_0.9_NATLow"
"104","csci_Q99","csci","Q99",3,0.9,3,"Yes","NATHigh",0.92,-7363.35071444242,NA,"csci_Q99_3_0.9","Passes",-7363.35071444242,7536.16597302694,"csci_Q99_3_0.9_NATHigh"
"105","csci_Q99","csci","Q99",3,0.9,3,"Yes","HB",0.67,-19992.7998162726,NA,"csci_Q99_3_0.9","Passes",-19992.7998162726,7536.16597302694,"csci_Q99_3_0.9_HB"
"106","csci_Q99","csci","Q99",3,0.9,3,"Yes","SB0",0.78,-13409.7661205194,NA,"csci_Q99_3_0.9","Passes",-13409.7661205194,7536.16597302694,"csci_Q99_3_0.9_SB0"
"107","csci_Q99","csci","Q99",3,0.9,3,"Yes","SB2",0.75,-14962.3905343206,NA,"csci_Q99_3_0.9","Passes",-14962.3905343206,7536.16597302694,"csci_Q99_3_0.9_SB2"
"108","asci_Peak_10","asci","Peak_10",3,0.5,3,"Yes","NAT",0.86,NA,NA,"asci_Peak_10_3_0.5","Below",0,0,"asci_Peak_10_3_0.5_NAT"
"109","asci_Peak_10","asci","Peak_10",3,0.5,3,"Yes","NATMed",0.86,NA,NA,"asci_Peak_10_3_0.5","Below",0,0,"asci_Peak_10_3_0.5_NATMed"
"110","asci_Peak_10","asci","Peak_10",3,0.5,3,"Yes","NATLow",0.75,-671.481931713314,NA,"asci_Peak_10_3_0.5","Passes",-671.481931713314,7536.16597302694,"asci_Peak_10_3_0.5_NATLow"
"111","asci_Peak_10","asci","Peak_10",3,0.5,3,"Yes","NATHigh",0.94,NA,NA,"asci_Peak_10_3_0.5","Below",0,0,"asci_Peak_10_3_0.5_NATHigh"
"112","asci_Peak_10","asci","Peak_10",3,0.5,3,"Yes","HB",0.87,NA,NA,"asci_Peak_10_3_0.5","Below",0,0,"asci_Peak_10_3_0.5_HB"
"113","asci_Peak_10","asci","Peak_10",3,0.5,3,"Yes","SB0",0.79,NA,NA,"asci_Peak_10_3_0.5","Below",0,0,"asci_Peak_10_3_0.5_SB0"
"114","asci_Peak_10","asci","Peak_10",3,0.5,3,"Yes","SB2",0.76,-409.687869248843,NA,"asci_Peak_10_3_0.5","Passes",-409.687869248843,7536.16597302694,"asci_Peak_10_3_0.5_SB2"
"115","csci_Peak_10","csci","Peak_10",3,0.5,3,"Yes","NAT",0.79,-604.151169622289,NA,"csci_Peak_10_3_0.5","Passes",-604.151169622289,7536.16597302694,"csci_Peak_10_3_0.5_NAT"
"116","csci_Peak_10","csci","Peak_10",3,0.5,3,"Yes","NATMed",0.79,-604.151169622289,NA,"csci_Peak_10_3_0.5","Passes",-604.151169622289,7536.16597302694,"csci_Peak_10_3_0.5_NATMed"
"117","csci_Peak_10","csci","Peak_10",3,0.5,3,"Yes","NATLow",0.63,-3031.88678832996,NA,"csci_Peak_10_3_0.5","Passes",-3031.88678832996,7536.16597302694,"csci_Peak_10_3_0.5_NATLow"
"118","csci_Peak_10","csci","Peak_10",3,0.5,3,"Yes","HB",0.67,-2387.15591766312,NA,"csci_Peak_10_3_0.5","Passes",-2387.15591766312,7536.16597302694,"csci_Peak_10_3_0.5_HB"
"119","csci_Peak_10","csci","Peak_10",3,0.5,3,"Yes","SB0",0.78,-748.09921708478,NA,"csci_Peak_10_3_0.5","Passes",-748.09921708478,7536.16597302694,"csci_Peak_10_3_0.5_SB0"
"120","csci_Peak_10","csci","Peak_10",3,0.5,3,"Yes","SB2",0.75,-1182.98145424566,NA,"csci_Peak_10_3_0.5","Passes",-1182.98145424566,7536.16597302694,"csci_Peak_10_3_0.5_SB2"
"121","asci_Peak_2","asci","Peak_2",3,0.5,3,"Yes","NAT",0.86,NA,NA,"asci_Peak_2_3_0.5","Below",0,0,"asci_Peak_2_3_0.5_NAT"
"122","asci_Peak_2","asci","Peak_2",3,0.5,3,"Yes","NATMed",0.86,NA,NA,"asci_Peak_2_3_0.5","Below",0,0,"asci_Peak_2_3_0.5_NATMed"
"123","asci_Peak_2","asci","Peak_2",3,0.5,3,"Yes","NATLow",0.75,-276.292982807188,NA,"asci_Peak_2_3_0.5","Passes",-276.292982807188,7536.16597302694,"asci_Peak_2_3_0.5_NATLow"
"124","asci_Peak_2","asci","Peak_2",3,0.5,3,"Yes","NATHigh",0.94,NA,NA,"asci_Peak_2_3_0.5","Below",0,0,"asci_Peak_2_3_0.5_NATHigh"
"125","asci_Peak_2","asci","Peak_2",3,0.5,3,"Yes","HB",0.87,NA,NA,"asci_Peak_2_3_0.5","Below",0,0,"asci_Peak_2_3_0.5_HB"
"126","asci_Peak_2","asci","Peak_2",3,0.5,3,"Yes","SB0",0.79,NA,NA,"asci_Peak_2_3_0.5","Below",0,0,"asci_Peak_2_3_0.5_SB0"
"127","asci_Peak_2","asci","Peak_2",3,0.5,3,"Yes","SB2",0.76,-176.228671014109,NA,"asci_Peak_2_3_0.5","Passes",-176.228671014109,7536.16597302694,"asci_Peak_2_3_0.5_SB2"
"128","csci_Peak_2","csci","Peak_2",3,0.5,3,"Yes","NAT",0.79,-507.174716150737,NA,"csci_Peak_2_3_0.5","Passes",-507.174716150737,7536.16597302694,"csci_Peak_2_3_0.5_NAT"
"129","csci_Peak_2","csci","Peak_2",3,0.5,3,"Yes","NATMed",0.79,-507.174716150737,NA,"csci_Peak_2_3_0.5","Passes",-507.174716150737,7536.16597302694,"csci_Peak_2_3_0.5_NATMed"
"130","csci_Peak_2","csci","Peak_2",3,0.5,3,"Yes","NATLow",0.63,-7698.22031024311,-1732.35773047899,"csci_Peak_2_3_0.5","Passes",-1732.35773047899,7536.16597302694,"csci_Peak_2_3_0.5_NATLow"
"131","csci_Peak_2","csci","Peak_2",3,0.5,3,"Yes","HB",0.67,-1389.0171021994,NA,"csci_Peak_2_3_0.5","Passes",-1389.0171021994,7536.16597302694,"csci_Peak_2_3_0.5_HB"
"132","csci_Peak_2","csci","Peak_2",3,0.5,3,"Yes","SB0",0.78,-575.74670416426,NA,"csci_Peak_2_3_0.5","Passes",-575.74670416426,7536.16597302694,"csci_Peak_2_3_0.5_SB0"
"133","csci_Peak_2","csci","Peak_2",3,0.5,3,"Yes","SB2",0.75,-785.353965689884,NA,"csci_Peak_2_3_0.5","Passes",-785.353965689884,7536.16597302694,"csci_Peak_2_3_0.5_SB2"
"134","asci_Peak_5","asci","Peak_5",3,0.5,3,"Yes","NAT",0.86,NA,NA,"asci_Peak_5_3_0.5","Below",0,0,"asci_Peak_5_3_0.5_NAT"
"135","asci_Peak_5","asci","Peak_5",3,0.5,3,"Yes","NATMed",0.86,NA,NA,"asci_Peak_5_3_0.5","Below",0,0,"asci_Peak_5_3_0.5_NATMed"
"136","asci_Peak_5","asci","Peak_5",3,0.5,3,"Yes","NATLow",0.75,NA,NA,"asci_Peak_5_3_0.5","Below",0,0,"asci_Peak_5_3_0.5_NATLow"
"137","asci_Peak_5","asci","Peak_5",3,0.5,3,"Yes","NATHigh",0.94,NA,NA,"asci_Peak_5_3_0.5","Below",0,0,"asci_Peak_5_3_0.5_NATHigh"
"138","asci_Peak_5","asci","Peak_5",3,0.5,3,"Yes","HB",0.87,NA,NA,"asci_Peak_5_3_0.5","Below",0,0,"asci_Peak_5_3_0.5_HB"
"139","asci_Peak_5","asci","Peak_5",3,0.5,3,"Yes","SB0",0.79,NA,NA,"asci_Peak_5_3_0.5","Below",0,0,"asci_Peak_5_3_0.5_SB0"
"140","asci_Peak_5","asci","Peak_5",3,0.5,3,"Yes","SB2",0.76,NA,NA,"asci_Peak_5_3_0.5","Below",0,0,"asci_Peak_5_3_0.5_SB2"
"141","csci_Peak_5","csci","Peak_5",3,0.5,3,"Yes","NAT",0.79,-522.161917333137,NA,"csci_Peak_5_3_0.5","Passes",-522.161917333137,7536.16597302694,"csci_Peak_5_3_0.5_NAT"
"142","csci_Peak_5","csci","Peak_5",3,0.5,3,"Yes","NATMed",0.79,-522.161917333137,NA,"csci_Peak_5_3_0.5","Passes",-522.161917333137,7536.16597302694,"csci_Peak_5_3_0.5_NATMed"
"143","csci_Peak_5","csci","Peak_5",3,0.5,3,"Yes","NATLow",0.63,-18479.3742436139,-2719.66135767621,"csci_Peak_5_3_0.5","Passes",-2719.66135767621,7536.16597302694,"csci_Peak_5_3_0.5_NATLow"
"144","csci_Peak_5","csci","Peak_5",3,0.5,3,"Yes","HB",0.67,-2132.97203804682,NA,"csci_Peak_5_3_0.5","Passes",-2132.97203804682,7536.16597302694,"csci_Peak_5_3_0.5_HB"
"145","csci_Peak_5","csci","Peak_5",3,0.5,3,"Yes","SB0",0.78,-651.701834010838,NA,"csci_Peak_5_3_0.5","Passes",-651.701834010838,7536.16597302694,"csci_Peak_5_3_0.5_SB0"
"146","csci_Peak_5","csci","Peak_5",3,0.5,3,"Yes","SB2",0.75,-1043.53162267561,NA,"csci_Peak_5_3_0.5","Passes",-1043.53162267561,7536.16597302694,"csci_Peak_5_3_0.5_SB2"
"147","csci_SP_Mag","csci","SP_Mag",3,0.5,3,"Yes","NAT",0.79,-85.0889882785975,906.367884354706,"csci_SP_Mag_3_0.5","Passes",-85.0889882785975,906.367884354706,"csci_SP_Mag_3_0.5_NAT"
"148","csci_SP_Mag","csci","SP_Mag",3,0.5,3,"Yes","NATMed",0.79,-85.0889882785975,906.367884354706,"csci_SP_Mag_3_0.5","Passes",-85.0889882785975,906.367884354706,"csci_SP_Mag_3_0.5_NATMed"
"149","csci_SP_Mag","csci","SP_Mag",3,0.5,3,"Yes","HB",0.67,-893.000739299055,NA,"csci_SP_Mag_3_0.5","Passes",-893.000739299055,7536.16597302694,"csci_SP_Mag_3_0.5_HB"
"150","csci_SP_Mag","csci","SP_Mag",3,0.5,3,"Yes","SB0",0.78,-178.459192253442,1014.99901266217,"csci_SP_Mag_3_0.5","Passes",-178.459192253442,1014.99901266217,"csci_SP_Mag_3_0.5_SB0"
"151","csci_SP_Mag","csci","SP_Mag",3,0.5,3,"Yes","SB2",0.75,-407.371367556934,1286.74594645141,"csci_SP_Mag_3_0.5","Passes",-407.371367556934,1286.74594645141,"csci_SP_Mag_3_0.5_SB2"
"152","asci_Wet_BFL_Mag_10","asci","Wet_BFL_Mag_10",3,0.5,3,"Yes","NAT",0.86,NA,NA,"asci_Wet_BFL_Mag_10_3_0.5","Below",0,0,"asci_Wet_BFL_Mag_10_3_0.5_NAT"
"153","asci_Wet_BFL_Mag_10","asci","Wet_BFL_Mag_10",3,0.5,3,"Yes","NATMed",0.86,NA,NA,"asci_Wet_BFL_Mag_10_3_0.5","Below",0,0,"asci_Wet_BFL_Mag_10_3_0.5_NATMed"
"154","asci_Wet_BFL_Mag_10","asci","Wet_BFL_Mag_10",3,0.5,3,"Yes","NATLow",0.75,NA,NA,"asci_Wet_BFL_Mag_10_3_0.5","Below",0,0,"asci_Wet_BFL_Mag_10_3_0.5_NATLow"
"155","asci_Wet_BFL_Mag_10","asci","Wet_BFL_Mag_10",3,0.5,3,"Yes","NATHigh",0.94,NA,NA,"asci_Wet_BFL_Mag_10_3_0.5","Below",0,0,"asci_Wet_BFL_Mag_10_3_0.5_NATHigh"
"156","asci_Wet_BFL_Mag_10","asci","Wet_BFL_Mag_10",3,0.5,3,"Yes","HB",0.87,NA,NA,"asci_Wet_BFL_Mag_10_3_0.5","Below",0,0,"asci_Wet_BFL_Mag_10_3_0.5_HB"
"157","asci_Wet_BFL_Mag_10","asci","Wet_BFL_Mag_10",3,0.5,3,"Yes","SB0",0.79,NA,NA,"asci_Wet_BFL_Mag_10_3_0.5","Below",0,0,"asci_Wet_BFL_Mag_10_3_0.5_SB0"
"158","asci_Wet_BFL_Mag_10","asci","Wet_BFL_Mag_10",3,0.5,3,"Yes","SB2",0.76,NA,NA,"asci_Wet_BFL_Mag_10_3_0.5","Below",0,0,"asci_Wet_BFL_Mag_10_3_0.5_SB2"
"159","csci_Wet_BFL_Mag_10","csci","Wet_BFL_Mag_10",3,0.5,3,"Yes","NAT",0.79,-29.1331007810604,11.136480022762,"csci_Wet_BFL_Mag_10_3_0.5","Passes",-29.1331007810604,11.136480022762,"csci_Wet_BFL_Mag_10_3_0.5_NAT"
"160","csci_Wet_BFL_Mag_10","csci","Wet_BFL_Mag_10",3,0.5,3,"Yes","NATMed",0.79,-29.1331007810604,11.136480022762,"csci_Wet_BFL_Mag_10_3_0.5","Passes",-29.1331007810604,11.136480022762,"csci_Wet_BFL_Mag_10_3_0.5_NATMed"
"161","csci_Wet_BFL_Mag_10","csci","Wet_BFL_Mag_10",3,0.5,3,"Yes","NATLow",0.63,-62.7089405542495,43.9703728410797,"csci_Wet_BFL_Mag_10_3_0.5","Passes",-62.7089405542495,43.9703728410797,"csci_Wet_BFL_Mag_10_3_0.5_NATLow"
"162","csci_Wet_BFL_Mag_10","csci","Wet_BFL_Mag_10",3,0.5,3,"Yes","HB",0.67,-55.8869328210402,37.1917300212997,"csci_Wet_BFL_Mag_10_3_0.5","Passes",-55.8869328210402,37.1917300212997,"csci_Wet_BFL_Mag_10_3_0.5_HB"
"163","csci_Wet_BFL_Mag_10","csci","Wet_BFL_Mag_10",3,0.5,3,"Yes","SB0",0.78,-32.2191788168451,14.085183945814,"csci_Wet_BFL_Mag_10_3_0.5","Passes",-32.2191788168451,14.085183945814,"csci_Wet_BFL_Mag_10_3_0.5_SB0"
"164","csci_Wet_BFL_Mag_10","csci","Wet_BFL_Mag_10",3,0.5,3,"Yes","SB2",0.75,-39.9605406604096,21.5482321471017,"csci_Wet_BFL_Mag_10_3_0.5","Passes",-39.9605406604096,21.5482321471017,"csci_Wet_BFL_Mag_10_3_0.5_SB2"
"165","asci_Wet_BFL_Mag_50","asci","Wet_BFL_Mag_50",3,0.5,3,"Yes","NAT",0.86,NA,NA,"asci_Wet_BFL_Mag_50_3_0.5","Below",0,0,"asci_Wet_BFL_Mag_50_3_0.5_NAT"
"166","asci_Wet_BFL_Mag_50","asci","Wet_BFL_Mag_50",3,0.5,3,"Yes","NATMed",0.86,NA,NA,"asci_Wet_BFL_Mag_50_3_0.5","Below",0,0,"asci_Wet_BFL_Mag_50_3_0.5_NATMed"
"167","asci_Wet_BFL_Mag_50","asci","Wet_BFL_Mag_50",3,0.5,3,"Yes","NATLow",0.75,NA,NA,"asci_Wet_BFL_Mag_50_3_0.5","Below",0,0,"asci_Wet_BFL_Mag_50_3_0.5_NATLow"
"168","asci_Wet_BFL_Mag_50","asci","Wet_BFL_Mag_50",3,0.5,3,"Yes","NATHigh",0.94,NA,NA,"asci_Wet_BFL_Mag_50_3_0.5","Below",0,0,"asci_Wet_BFL_Mag_50_3_0.5_NATHigh"
"169","asci_Wet_BFL_Mag_50","asci","Wet_BFL_Mag_50",3,0.5,3,"Yes","HB",0.87,NA,NA,"asci_Wet_BFL_Mag_50_3_0.5","Below",0,0,"asci_Wet_BFL_Mag_50_3_0.5_HB"
"170","asci_Wet_BFL_Mag_50","asci","Wet_BFL_Mag_50",3,0.5,3,"Yes","SB0",0.79,NA,NA,"asci_Wet_BFL_Mag_50_3_0.5","Below",0,0,"asci_Wet_BFL_Mag_50_3_0.5_SB0"
"171","asci_Wet_BFL_Mag_50","asci","Wet_BFL_Mag_50",3,0.5,3,"Yes","SB2",0.76,NA,NA,"asci_Wet_BFL_Mag_50_3_0.5","Below",0,0,"asci_Wet_BFL_Mag_50_3_0.5_SB2"
"172","csci_Wet_BFL_Mag_50","csci","Wet_BFL_Mag_50",3,0.5,3,"Yes","NAT",0.79,-181.535657295425,25.7022488604127,"csci_Wet_BFL_Mag_50_3_0.5","Passes",-181.535657295425,25.7022488604127,"csci_Wet_BFL_Mag_50_3_0.5_NAT"
"173","csci_Wet_BFL_Mag_50","csci","Wet_BFL_Mag_50",3,0.5,3,"Yes","NATMed",0.79,-181.535657295425,25.7022488604127,"csci_Wet_BFL_Mag_50_3_0.5","Passes",-181.535657295425,25.7022488604127,"csci_Wet_BFL_Mag_50_3_0.5_NATMed"
"174","csci_Wet_BFL_Mag_50","csci","Wet_BFL_Mag_50",3,0.5,3,"Yes","NATLow",0.63,-314.770793309162,144.916105863729,"csci_Wet_BFL_Mag_50_3_0.5","Passes",-314.770793309162,144.916105863729,"csci_Wet_BFL_Mag_50_3_0.5_NATLow"
"175","csci_Wet_BFL_Mag_50","csci","Wet_BFL_Mag_50",3,0.5,3,"Yes","HB",0.67,-285.910489097753,118.669458581244,"csci_Wet_BFL_Mag_50_3_0.5","Passes",-285.910489097753,118.669458581244,"csci_Wet_BFL_Mag_50_3_0.5_HB"
"176","csci_Wet_BFL_Mag_50","csci","Wet_BFL_Mag_50",3,0.5,3,"Yes","SB0",0.78,-192.441323093346,35.284976461759,"csci_Wet_BFL_Mag_50_3_0.5","Passes",-192.441323093346,35.284976461759,"csci_Wet_BFL_Mag_50_3_0.5_SB0"
"177","csci_Wet_BFL_Mag_50","csci","Wet_BFL_Mag_50",3,0.5,3,"Yes","SB2",0.75,-221.522119713346,60.9480856542333,"csci_Wet_BFL_Mag_50_3_0.5","Passes",-221.522119713346,60.9480856542333,"csci_Wet_BFL_Mag_50_3_0.5_SB2"
"178","asci_Q99","asci","Q99",3,0.5,3,"Yes","NAT",0.86,NA,NA,"asci_Q99_3_0.5","Below",0,0,"asci_Q99_3_0.5_NAT"
"179","asci_Q99","asci","Q99",3,0.5,3,"Yes","NATMed",0.86,NA,NA,"asci_Q99_3_0.5","Below",0,0,"asci_Q99_3_0.5_NATMed"
"180","asci_Q99","asci","Q99",3,0.5,3,"Yes","NATLow",0.75,NA,NA,"asci_Q99_3_0.5","Below",0,0,"asci_Q99_3_0.5_NATLow"
"181","asci_Q99","asci","Q99",3,0.5,3,"Yes","NATHigh",0.94,NA,NA,"asci_Q99_3_0.5","Below",0,0,"asci_Q99_3_0.5_NATHigh"
"182","asci_Q99","asci","Q99",3,0.5,3,"Yes","HB",0.87,NA,NA,"asci_Q99_3_0.5","Below",0,0,"asci_Q99_3_0.5_HB"
"183","asci_Q99","asci","Q99",3,0.5,3,"Yes","SB0",0.79,NA,NA,"asci_Q99_3_0.5","Below",0,0,"asci_Q99_3_0.5_SB0"
"184","asci_Q99","asci","Q99",3,0.5,3,"Yes","SB2",0.76,NA,NA,"asci_Q99_3_0.5","Below",0,0,"asci_Q99_3_0.5_SB2"
"185","csci_Q99","csci","Q99",3,0.5,3,"Yes","NAT",0.79,-472.119510126448,NA,"csci_Q99_3_0.5","Passes",-472.119510126448,7536.16597302694,"csci_Q99_3_0.5_NAT"
"186","csci_Q99","csci","Q99",3,0.5,3,"Yes","NATMed",0.79,-472.119510126448,NA,"csci_Q99_3_0.5","Passes",-472.119510126448,7536.16597302694,"csci_Q99_3_0.5_NATMed"
"187","csci_Q99","csci","Q99",3,0.5,3,"Yes","NATLow",0.63,-4048.7076054482,NA,"csci_Q99_3_0.5","Passes",-4048.7076054482,7536.16597302694,"csci_Q99_3_0.5_NATLow"
"188","csci_Q99","csci","Q99",3,0.5,3,"Yes","HB",0.67,-3126.29142098715,NA,"csci_Q99_3_0.5","Passes",-3126.29142098715,7536.16597302694,"csci_Q99_3_0.5_HB"
"189","csci_Q99","csci","Q99",3,0.5,3,"Yes","SB0",0.78,-689.641945060911,NA,"csci_Q99_3_0.5","Passes",-689.641945060911,7536.16597302694,"csci_Q99_3_0.5_SB0"
"190","csci_Q99","csci","Q99",3,0.5,3,"Yes","SB2",0.75,-1344.56372650501,NA,"csci_Q99_3_0.5","Passes",-1344.56372650501,7536.16597302694,"csci_Q99_3_0.5_SB2"
"191","asci_DS_Mag_50","asci","DS_Mag_50",6,0.9,6,"Yes","NAT",0.86,NA,NA,"asci_DS_Mag_50_6_0.9","Passes",-44933.6480255651,67.4657715333869,"asci_DS_Mag_50_6_0.9_NAT"
"192","asci_DS_Mag_50","asci","DS_Mag_50",6,0.9,6,"Yes","NATMed",0.86,NA,NA,"asci_DS_Mag_50_6_0.9","Passes",-44933.6480255651,67.4657715333869,"asci_DS_Mag_50_6_0.9_NATMed"
"193","asci_DS_Mag_50","asci","DS_Mag_50",6,0.9,6,"Yes","NATHigh",0.94,NA,NA,"asci_DS_Mag_50_6_0.9","Passes",-44933.6480255651,20.1863276376923,"asci_DS_Mag_50_6_0.9_NATHigh"
"194","asci_DS_Mag_50","asci","DS_Mag_50",6,0.9,6,"Yes","HB",0.87,NA,NA,"asci_DS_Mag_50_6_0.9","Passes",-44933.6480255651,62.0024952640354,"asci_DS_Mag_50_6_0.9_HB"
"195","asci_DS_Mag_50","asci","DS_Mag_50",6,0.9,6,"Yes","SB0",0.79,NA,NA,"asci_DS_Mag_50_6_0.9","Passes",-44933.6480255651,92.222013829016,"asci_DS_Mag_50_6_0.9_SB0"
"196","csci_DS_Mag_50","csci","DS_Mag_50",6,0.9,6,"Yes","NAT",0.79,-21.4166237649127,16.9871881176214,"csci_DS_Mag_50_6_0.9","Passes",-21.4166237649127,16.9871881176214,"csci_DS_Mag_50_6_0.9_NAT"
"197","csci_DS_Mag_50","csci","DS_Mag_50",6,0.9,6,"Yes","NATMed",0.79,-21.4166237649127,16.9871881176214,"csci_DS_Mag_50_6_0.9","Passes",-21.4166237649127,16.9871881176214,"csci_DS_Mag_50_6_0.9_NATMed"
"198","csci_DS_Mag_50","csci","DS_Mag_50",6,0.9,6,"Yes","NATLow",0.63,-25.6337990235222,58.8433797435415,"csci_DS_Mag_50_6_0.9","Passes",-25.6337990235222,58.8433797435415,"csci_DS_Mag_50_6_0.9_NATLow"
"199","csci_DS_Mag_50","csci","DS_Mag_50",6,0.9,6,"Yes","NATHigh",0.92,-17.731154945339,10.8993026308206,"csci_DS_Mag_50_6_0.9","Passes",-17.731154945339,10.8993026308206,"csci_DS_Mag_50_6_0.9_NATHigh"
"200","csci_DS_Mag_50","csci","DS_Mag_50",6,0.9,6,"Yes","HB",0.67,-24.5960297881815,27.6541325445076,"csci_DS_Mag_50_6_0.9","Passes",-24.5960297881815,27.6541325445076,"csci_DS_Mag_50_6_0.9_HB"
"201","csci_DS_Mag_50","csci","DS_Mag_50",6,0.9,6,"Yes","SB0",0.78,-21.6872780171238,17.5692327349911,"csci_DS_Mag_50_6_0.9","Passes",-21.6872780171238,17.5692327349911,"csci_DS_Mag_50_6_0.9_SB0"
"202","csci_DS_Mag_50","csci","DS_Mag_50",6,0.9,6,"Yes","SB2",0.75,-22.4917974684584,19.4958194854519,"csci_DS_Mag_50_6_0.9","Passes",-22.4917974684584,19.4958194854519,"csci_DS_Mag_50_6_0.9_SB2"
"203","asci_FA_Mag","asci","FA_Mag",6,0.9,6,"Yes","NAT",0.86,-206.297281268249,738.452547754484,"asci_FA_Mag_6_0.9","Passes",-206.297281268249,738.452547754484,"asci_FA_Mag_6_0.9_NAT"
"204","asci_FA_Mag","asci","FA_Mag",6,0.9,6,"Yes","NATMed",0.86,-206.297281268249,738.452547754484,"asci_FA_Mag_6_0.9","Passes",-206.297281268249,738.452547754484,"asci_FA_Mag_6_0.9_NATMed"
"205","asci_FA_Mag","asci","FA_Mag",6,0.9,6,"Yes","NATHigh",0.94,-141.811311281539,343.750612304962,"asci_FA_Mag_6_0.9","Passes",-141.811311281539,343.750612304962,"asci_FA_Mag_6_0.9_NATHigh"
"206","asci_FA_Mag","asci","FA_Mag",6,0.9,6,"Yes","HB",0.87,-198.513089006315,711.816026652236,"asci_FA_Mag_6_0.9","Passes",-198.513089006315,711.816026652236,"asci_FA_Mag_6_0.9_HB"
"207","asci_FA_Mag","asci","FA_Mag",6,0.9,6,"Yes","SB0",0.79,NA,NA,"asci_FA_Mag_6_0.9","Passes",-44933.6480255651,871.711850506288,"asci_FA_Mag_6_0.9_SB0"
"208","asci_FA_Mag","asci","FA_Mag",6,0.9,6,"Yes","SB2",0.76,NA,NA,"asci_FA_Mag_6_0.9","Passes",-44933.6480255651,919.802507707848,"asci_FA_Mag_6_0.9_SB2"
"209","csci_FA_Mag","csci","FA_Mag",6,0.9,6,"Yes","NAT",0.79,NA,NA,"csci_FA_Mag_6_0.9","Passes",-44933.6480255651,219.60239141418,"csci_FA_Mag_6_0.9_NAT"
"210","csci_FA_Mag","csci","FA_Mag",6,0.9,6,"Yes","NATMed",0.79,NA,NA,"csci_FA_Mag_6_0.9","Passes",-44933.6480255651,219.60239141418,"csci_FA_Mag_6_0.9_NATMed"
"211","csci_FA_Mag","csci","FA_Mag",6,0.9,6,"Yes","NATLow",0.63,NA,NA,"csci_FA_Mag_6_0.9","Passes",-44933.6480255651,296.390201804501,"csci_FA_Mag_6_0.9_NATLow"
"212","csci_FA_Mag","csci","FA_Mag",6,0.9,6,"Yes","NATHigh",0.92,-181.043452368979,162.93261487478,"csci_FA_Mag_6_0.9","Passes",-181.043452368979,162.93261487478,"csci_FA_Mag_6_0.9_NATHigh"
"213","csci_FA_Mag","csci","FA_Mag",6,0.9,6,"Yes","HB",0.67,NA,NA,"csci_FA_Mag_6_0.9","Passes",-44933.6480255651,275.387669984657,"csci_FA_Mag_6_0.9_HB"
"214","csci_FA_Mag","csci","FA_Mag",6,0.9,6,"Yes","SB0",0.78,NA,NA,"csci_FA_Mag_6_0.9","Passes",-44933.6480255651,224.013373785998,"csci_FA_Mag_6_0.9_SB0"
"215","csci_FA_Mag","csci","FA_Mag",6,0.9,6,"Yes","SB2",0.75,NA,NA,"csci_FA_Mag_6_0.9","Passes",-44933.6480255651,237.431733291813,"csci_FA_Mag_6_0.9_SB2"
"216","asci_SP_Mag","asci","SP_Mag",6,0.9,6,"Yes","NAT",0.86,-786.28569818067,NA,"asci_SP_Mag_6_0.9","Passes",-786.28569818067,7536.16597302694,"asci_SP_Mag_6_0.9_NAT"
"217","asci_SP_Mag","asci","SP_Mag",6,0.9,6,"Yes","NATMed",0.86,-786.28569818067,NA,"asci_SP_Mag_6_0.9","Passes",-786.28569818067,7536.16597302694,"asci_SP_Mag_6_0.9_NATMed"
"218","asci_SP_Mag","asci","SP_Mag",6,0.9,6,"Yes","NATHigh",0.94,-453.375071838606,NA,"asci_SP_Mag_6_0.9","Passes",-453.375071838606,7536.16597302694,"asci_SP_Mag_6_0.9_NATHigh"
"219","asci_SP_Mag","asci","SP_Mag",6,0.9,6,"Yes","HB",0.87,-745.718545513859,NA,"asci_SP_Mag_6_0.9","Passes",-745.718545513859,7536.16597302694,"asci_SP_Mag_6_0.9_HB"
"220","asci_DS_Mag_50","asci","DS_Mag_50",6,0.5,6,"Yes","NAT",0.86,NA,NA,"asci_DS_Mag_50_6_0.5","Below",0,0,"asci_DS_Mag_50_6_0.5_NAT"
"221","asci_DS_Mag_50","asci","DS_Mag_50",6,0.5,6,"Yes","NATMed",0.86,NA,NA,"asci_DS_Mag_50_6_0.5","Below",0,0,"asci_DS_Mag_50_6_0.5_NATMed"
"222","asci_DS_Mag_50","asci","DS_Mag_50",6,0.5,6,"Yes","NATLow",0.75,-2.79369647567279,NA,"asci_DS_Mag_50_6_0.5","Passes",-2.79369647567279,7536.16597302694,"asci_DS_Mag_50_6_0.5_NATLow"
"223","asci_DS_Mag_50","asci","DS_Mag_50",6,0.5,6,"Yes","NATHigh",0.94,NA,NA,"asci_DS_Mag_50_6_0.5","Below",0,0,"asci_DS_Mag_50_6_0.5_NATHigh"
"224","asci_DS_Mag_50","asci","DS_Mag_50",6,0.5,6,"Yes","HB",0.87,NA,NA,"asci_DS_Mag_50_6_0.5","Below",0,0,"asci_DS_Mag_50_6_0.5_HB"
"225","asci_DS_Mag_50","asci","DS_Mag_50",6,0.5,6,"Yes","SB0",0.79,-19.0611594953611,NA,"asci_DS_Mag_50_6_0.5","Passes",-19.0611594953611,7536.16597302694,"asci_DS_Mag_50_6_0.5_SB0"
"226","asci_DS_Mag_50","asci","DS_Mag_50",6,0.5,6,"Yes","SB2",0.76,-6.30214863558164,NA,"asci_DS_Mag_50_6_0.5","Passes",-6.30214863558164,7536.16597302694,"asci_DS_Mag_50_6_0.5_SB2"
"227","csci_DS_Mag_50","csci","DS_Mag_50",6,0.5,6,"Yes","NAT",0.79,-12.2624860951032,5.13928450223543,"csci_DS_Mag_50_6_0.5","Passes",-12.2624860951032,5.13928450223543,"csci_DS_Mag_50_6_0.5_NAT"
"228","csci_DS_Mag_50","csci","DS_Mag_50",6,0.5,6,"Yes","NATMed",0.79,-12.2624860951032,5.13928450223543,"csci_DS_Mag_50_6_0.5","Passes",-12.2624860951032,5.13928450223543,"csci_DS_Mag_50_6_0.5_NATMed"
"229","csci_DS_Mag_50","csci","DS_Mag_50",6,0.5,6,"Yes","NATLow",0.63,-17.5739099438644,11.80660705966,"csci_DS_Mag_50_6_0.5","Passes",-17.5739099438644,11.80660705966,"csci_DS_Mag_50_6_0.5_NATLow"
"230","csci_DS_Mag_50","csci","DS_Mag_50",6,0.5,6,"Yes","HB",0.67,-16.3840619341569,10.0614315449683,"csci_DS_Mag_50_6_0.5","Passes",-16.3840619341569,10.0614315449683,"csci_DS_Mag_50_6_0.5_HB"
"231","csci_DS_Mag_50","csci","DS_Mag_50",6,0.5,6,"Yes","SB0",0.78,-12.6559726712034,5.56087606703687,"csci_DS_Mag_50_6_0.5","Passes",-12.6559726712034,5.56087606703687,"csci_DS_Mag_50_6_0.5_SB0"
"232","csci_DS_Mag_50","csci","DS_Mag_50",6,0.5,6,"Yes","SB2",0.75,-13.7661222541683,6.79385255648101,"csci_DS_Mag_50_6_0.5","Passes",-13.7661222541683,6.79385255648101,"csci_DS_Mag_50_6_0.5_SB2"
"233","asci_FA_Mag","asci","FA_Mag",6,0.5,6,"Yes","NAT",0.86,NA,NA,"asci_FA_Mag_6_0.5","Below",0,0,"asci_FA_Mag_6_0.5_NAT"
"234","asci_FA_Mag","asci","FA_Mag",6,0.5,6,"Yes","NATMed",0.86,NA,NA,"asci_FA_Mag_6_0.5","Below",0,0,"asci_FA_Mag_6_0.5_NATMed"
"235","asci_FA_Mag","asci","FA_Mag",6,0.5,6,"Yes","NATLow",0.75,NA,NA,"asci_FA_Mag_6_0.5","Below",0,0,"asci_FA_Mag_6_0.5_NATLow"
"236","asci_FA_Mag","asci","FA_Mag",6,0.5,6,"Yes","NATHigh",0.94,NA,NA,"asci_FA_Mag_6_0.5","Below",0,0,"asci_FA_Mag_6_0.5_NATHigh"
"237","asci_FA_Mag","asci","FA_Mag",6,0.5,6,"Yes","HB",0.87,NA,NA,"asci_FA_Mag_6_0.5","Below",0,0,"asci_FA_Mag_6_0.5_HB"
"238","asci_FA_Mag","asci","FA_Mag",6,0.5,6,"Yes","SB0",0.79,NA,NA,"asci_FA_Mag_6_0.5","Below",0,0,"asci_FA_Mag_6_0.5_SB0"
"239","asci_FA_Mag","asci","FA_Mag",6,0.5,6,"Yes","SB2",0.76,NA,NA,"asci_FA_Mag_6_0.5","Below",0,0,"asci_FA_Mag_6_0.5_SB2"
"240","csci_FA_Mag","csci","FA_Mag",6,0.5,6,"Yes","NAT",0.79,-110.533329162201,64.3593757952564,"csci_FA_Mag_6_0.5","Passes",-110.533329162201,64.3593757952564,"csci_FA_Mag_6_0.5_NAT"
"241","csci_FA_Mag","csci","FA_Mag",6,0.5,6,"Yes","NATMed",0.79,-110.533329162201,64.3593757952564,"csci_FA_Mag_6_0.5","Passes",-110.533329162201,64.3593757952564,"csci_FA_Mag_6_0.5_NATMed"
"242","csci_FA_Mag","csci","FA_Mag",6,0.5,6,"Yes","NATLow",0.63,-202.906379309423,162.568009161221,"csci_FA_Mag_6_0.5","Passes",-202.906379309423,162.568009161221,"csci_FA_Mag_6_0.5_NATLow"
"243","csci_FA_Mag","csci","FA_Mag",6,0.5,6,"Yes","HB",0.67,-182.176019988977,138.209914478153,"csci_FA_Mag_6_0.5","Passes",-182.176019988977,138.209914478153,"csci_FA_Mag_6_0.5_HB"
"244","csci_FA_Mag","csci","FA_Mag",6,0.5,6,"Yes","SB0",0.78,-117.634010195653,71.1279349553872,"csci_FA_Mag_6_0.5","Passes",-117.634010195653,71.1279349553872,"csci_FA_Mag_6_0.5_SB0"
"245","csci_FA_Mag","csci","FA_Mag",6,0.5,6,"Yes","SB2",0.75,-137.144943823725,90.2472910409059,"csci_FA_Mag_6_0.5","Passes",-137.144943823725,90.2472910409059,"csci_FA_Mag_6_0.5_SB2"
"246","asci_SP_Mag","asci","SP_Mag",6,0.5,6,"Yes","NAT",0.86,NA,NA,"asci_SP_Mag_6_0.5","Passes",-44933.6480255651,1423.69163891019,"asci_SP_Mag_6_0.5_NAT"
"247","asci_SP_Mag","asci","SP_Mag",6,0.5,6,"Yes","NATMed",0.86,NA,NA,"asci_SP_Mag_6_0.5","Passes",-44933.6480255651,1423.69163891019,"asci_SP_Mag_6_0.5_NATMed"
"248","asci_SP_Mag","asci","SP_Mag",6,0.5,6,"Yes","NATLow",0.75,-242.782296420041,102.049270363563,"asci_SP_Mag_6_0.5","Passes",-242.782296420041,102.049270363563,"asci_SP_Mag_6_0.5_NATLow"
"249","asci_SP_Mag","asci","SP_Mag",6,0.5,6,"Yes","NATHigh",0.94,NA,NA,"asci_SP_Mag_6_0.5","Passes",-44933.6480255651,1546.95919198435,"asci_SP_Mag_6_0.5_NATHigh"
"250","asci_SP_Mag","asci","SP_Mag",6,0.5,6,"Yes","HB",0.87,NA,NA,"asci_SP_Mag_6_0.5","Passes",-44933.6480255651,1439.37705928509,"asci_SP_Mag_6_0.5_HB"
"251","asci_SP_Mag","asci","SP_Mag",6,0.5,6,"Yes","SB0",0.79,NA,NA,"asci_SP_Mag_6_0.5","Passes",-44933.6480255651,1310.58392055967,"asci_SP_Mag_6_0.5_SB0"
"252","asci_SP_Mag","asci","SP_Mag",6,0.5,6,"Yes","SB2",0.76,-202.367164078861,75.4619390017313,"asci_SP_Mag_6_0.5","Passes",-202.367164078861,75.4619390017313,"asci_SP_Mag_6_0.5_SB2"
